{"cameraMode":{"drawMode":0,"name":"Shaded","section":"Shading Mode"},"sceneLighting":false,"audioPlay":false,"sceneViewState":{"m_AlwaysRefresh":false,"showFog":false,"showSkybox":false,"showFlares":false,"showImageEffects":false,"showParticleSystems":false,"showVisualEffectGraphs":true,"m_FxEnabled":true},"in2DMode":false,"pivot":{"x":-0.017950594425201417,"y":0.817652702331543,"z":-0.05747652053833008},"rotation":{"x":-0.006962110288441181,"y":-0.9929616451263428,"z":0.09112054109573364,"w":-0.07580146193504334},"size":1.1139277219772339,"orthographic":false}