{"cameraMode":{"drawMode":0,"name":"Shaded","section":"Shading Mode"},"sceneLighting":true,"audioPlay":false,"sceneViewState":{"m_AlwaysRefresh":false,"showFog":true,"showSkybox":true,"showFlares":true,"showImageEffects":true,"showParticleSystems":true,"showVisualEffectGraphs":true,"m_FxEnabled":true},"in2DMode":false,"pivot":{"x":50.768775939941409,"y":18.495315551757814,"z":12.666107177734375},"rotation":{"x":-0.0016376938438042999,"y":-0.978340208530426,"z":0.007636295631527901,"w":-0.20698688924312592},"size":18.21048927307129,"orthographic":false}