{"cameraMode":{"drawMode":0,"name":"Shaded","section":"Shading Mode"},"sceneLighting":true,"audioPlay":false,"sceneViewState":{"m_AlwaysRefresh":false,"showFog":true,"showSkybox":true,"showFlares":true,"showImageEffects":true,"showParticleSystems":true,"showVisualEffectGraphs":true,"m_FxEnabled":true},"in2DMode":false,"pivot":{"x":38.87480926513672,"y":19.03932762145996,"z":41.247718811035159},"rotation":{"x":0.07343704998493195,"y":-0.7116026878356934,"z":0.07521574199199677,"w":0.6947380900382996},"size":10.355179786682129,"orthographic":false}