{"cameraMode":{"drawMode":0,"name":"Shaded","section":"Shading Mode"},"sceneLighting":false,"audioPlay":false,"sceneViewState":{"m_AlwaysRefresh":false,"showFog":false,"showSkybox":false,"showFlares":false,"showImageEffects":false,"showParticleSystems":false,"showVisualEffectGraphs":true,"m_FxEnabled":true},"in2DMode":false,"pivot":{"x":0.016837086528539659,"y":0.8698351979255676,"z":0.011553263291716576},"rotation":{"x":-0.006962110288441181,"y":-0.9929616451263428,"z":0.09112054109573364,"w":-0.07580146193504334},"size":0.9833311438560486,"orthographic":false}